produit	libellé	origine	résumé	description	prix TTC	grammage	conditionnement	TVA	réference	Photos	Temps d'infusion 	Température	Quantité/L	Non actif
Les prodigieux prestigieux														
Ceylon vert bio	thé vert bio de prestige	Sri Lanka	Une petite coopérative sri lankaise propose un thé différent du thé noir de ceylan traditionnel. Elle a donné naissance à un excellent thé vert qui se caractérise par ses feuilles d'un vert profond, ouvertes et enroulées ainsi que par son arôme floral frais et sa tasse puissante.	Thé vert ceylan issu de l'agriculture biologique, non aromatisé, avec des feuilles entières.	7.95€	50gr	sachet kraft	5,50 %	TVP02	"ceylon_vert_prestige_bio_sachet.jpg
ceylon_vert_prestige_bio_vrac.jpg"	2-3 mn	70-80°C	12-13g/L	
Assam SFTGFOP 1 tonganagaon bio	thé noir bio de prestige	Assam nord est de l'Inde	Les feuilles particulièrement grandes de ce thé proviennent du jardin de Tonganagaon au Nord Est de l'Inde. Le puissant goût de ce thé, long en bouche avec des nuances de malt et de miel en fond, donne une parfaite harmonie. La tasse marron, doré et chaude laisse deviner la delicatesse épicée de ce thé.	Thé noir assam SFTGFOP 1 issu de l'agriculture biologique non aromatisé avec des feuilles entières. 	8.90€	50gr	sachet kraft	5,50 %	TNP01	"assam_SFTGFOP_1_tonganagaon_bio_sachet.jpg
assam_SFTGFOP_1_tonganagaon_bio_vrac.jpg"	3-5 mn	100°C	12-15g/L	
Darjeeling FTGFOP 1 pussimbing bio	thé vert bio de prestige	Inde	Darjeeling de haute qualité avec une tasse légère. Une infusion délicate et florale.	Thé vert Darjeeling FTGFOP 1 pussimbing issu de l'agriculture biologique, non aromatisé, avec des feuilles entières. 	"13.90€
6.99€"	"100gr
50gr"	sachet kraft	5,50 %	TVP03	"darjeeling_FTGFOP_1_pussimbing_bio_sachet.jpg
darjeeling_FTGFOP_1_pussimbing_bio_vrac.jpg"	1-3 mn	70-80°C	12-15g/L	
Jasmin imperial bio	thé vert bio de prestige	Chine	Mélange de quatre thés verts et blancs d'exception avec la douceur du jasmin.	Thé vert chine, jasmin pai mu tan chine, jasmin silverneedle china, jasmin dragon pearls, tous issus de l'agriculture biologique, non aromatisés avec des feuilles entières. 	9.50€	50gr	sachet kraft	5,50 %	TVP02	"jasmin_imperial_bio_sachet.jpg
jasmin_imperial_bio_vrac.jpg"	2-3 mn	75-80°C	12-15g/L	
Duvet argenté 1er grade bio	Thé vert bio de prestige	Chine	Les jeunes bourgeons, récoltés pour cette spécialité, diffusent un parfum frais et léger. Les feuilles aux petits poils argentés scintillants sont roulées délicatement en petites boules et donnent une tasse claire et lumineuse au caractére incomparablement vivant et pétillant.	Thé vert de Chine ; China Snowy Yaoyan 1er grade, issu de l'agriculture biologique, non aromatisé avec des feuilles roulées.	15.50€	50gr	sachet kraft	5.50%	TBP01		1-1.5 mn	70-80°C	12-15g/L	0
Les bruts de decoffrage														
Darjeeling FTGFOP 1 first flush blend  bio	thé noir bio	Inde	Ce Darjeeling de première cueillette présente un arôme délicat et parfumé. Il est frais et fleuri avec une tasse claire.	Thé noir issu de l'agriculture biologique, non aromatisé, avec des feuilles entières. 	"11.90€
5.90€"	"100gr
50gr"	sachet kraft	5,50 %	TND01	darjeeling_FTGFOP1_first_flush_blend_bio_vrac.jpg	2-4 mn	100°C	13g/L	0
Assam TGFOP second flush rembeng bio	thé noir bio	Inde	Ce thé Assam bio, riche en saveurs et en arômes avec une touche légèrement malte, provient de la célèbre plantation de Rembeng qui est connue pour ces thés d'excellente qualité et son agriculture biologique. La récolte second flush est la plus prisée des deux récoltes généralement éffectuées. Elle se fait en été.	Thé noir Assam OP issu de l'agriculture biologique, non aromatisé, avec des feuilles entières. 12-15gr au litre, temps d'infusion 3-5min à 100°C.	"12.90€
6.50€"	"100gr
50gr"	sachet kraft	5,50 %	TNAS1	"assam_TGFOP_second_flush_rembeng_bio_sachet.jpg
assam_TGFOP_second_flush_rembeng_bio_vrac.jpg"	3-5 mn	100°C	12-15g/L	
Ceylon OP venture bio	thé noir bio	Sri Lanka	Ce thé de Ceylon OP venture bio est issu d'un grand jardin de l'île de Ceylan. Il donne une tasse à l'aspect cuivre et un goût vif et puissant. Il est idéal pour le petit déjeuner. C'est un grand classique tonique pour le matin.	Thé noir Ceylan OP issu de l'agriculture biologique, non aromatisé, avec des feuilles entières. 	"10.70€
5.50€"	"100gr
50gr"	sachet kraft	5.50%	TNC01	"ceylon_OP_venture_bio_sachet.jpg
ceylon_OP_venture_bio_vrac.jpg"	3-5 mn	100°C	13g/L	
English breakfast broken bio	thé noir mélange bio		Ce thé English Breakfast broken bio est un mélange de thés noir Assam donnant une tasse jaune dorée et une liqueur hautement aromatique. Il se marie très bien avec du lait ou de la crème.	Thé noir Assam BOP, thé noir Assam CTC ; tous issus de l'agriculture biologique, non aromatisé. Classification des feuilles broken. 	"8.90€
4.90€"	"100gr
50gr"	sachet kraft	5,50 %	TNM01	"english_breakfast_broken_bio_sachet.jpg
english_breakfast_broken_bio_vrac.jpg"	3-5 mn	100°C	12g/L	
Vietnam mao feng bio	thé blanc bio	Vietnam	Sa tasse claire jaune/verte, son goût bouqueté et son arôme fin et doux en font un thé delicieux.	Thé blanc issu de l'agriculture biologique, non aromatisé, avec des feuilles entières. 	"12.50€
6.50€"	"100gr
50gr"	sachet kraft	5,50 %	TB001	"vietnam_mao_feng_bio_sachet.jpg
vietnam_mao_feng_bio_vrac.jpg"	1,5-2 mn	70-80°C	12-15g/L	
China sencha bio	thé vert bio	Chine	Ce thé vert Sencha de Chine présente une belle tasse limpide jaune, dorée. La qualité de la récolte lui apporte un goût léger, délicat et subtil mais également un côté végétal. Il présente de belles feuilles plates.	Thé vert de Chine sencha, issu de l'agriculture biologique, non aromatisé, avec des feuilles entières. 	"6.50€
3.50€"	"100gr
50gr"	sachet kraft	5,50 %	TV002	"china_sencha_bio_sachet.jpg
china_sencha_bio_vrac.jpg"	2-3 mn	70-80°C	12-15g/L	
Gunpowder bio	thé vert bio	Chine	Ce Gunpowder est un thé à la feuille roulée ; il est récolté dans la province de Jiangsu en Chine. Thé digestif et velouté à la liqueur dorée, au parfum frais et subtil, convient pour toute la journée. Thé de prédilection du rituel marocain qui s'accompagne très bien de feuilles de menthe fraîche.	Thé vert de Chine, Gunpowder issu de l'agriculture biologique, non aromatisé, avec des feuilles entières.	"8.50€
4.50€"	"100gr
50gr"	sachet kraft	5,50 %	TV001	"gunpowder_bio_sachet.jpg
gunpowder_bio_vrac.jpg"	2-3 mn	80°C	12/15g/L	
Matcha à cuisiner bio	thé vert bio	Chine	Ce Matcha à cuisiner est idéal pour accompagner vos plats et patisseries. Faites place à votre créativité avec ce thé en poudre, délicat et unique.	Thé vert Matcha issu de l'agriculture biologique, non aromatisé, classification des feuilles broken.	24.50€	30gr	sachet hermetique	5,50 %	TVM01	"matcha_cuisine_bio_sachet.jpg
matcha_cuisine_bio_vrac.jpg"	0,25 mn	80°C	1g/L	
Thé pu erh bio	thé pu erh	Chine	Le thé Pu Erh est recolté dans la province de Yunnan. Celui-ci est issu de grandes feuilles de thé vert fermentées qui donnent un thé rouge corsé avec une liqueur terreuse et une tasse foncée. Il est largement utilisé dans la médecine chinoise pour ses propriétés médicinales.	Thé Pu Erh de Chine, issu de l'agriculture biologique, non aromatisé, avec des feuilles entières. 	"14.90€
7.50€"	"100gr
50gr"	sachet kraft	5,50 %	TPE01	"the_pu_erh_bio_sachet.jpg
the_pu_erh_bio_vrac.jpg"	4-5 mn	100°C	12g/L	
China oolong shui xian bio	thé oolong	Chine	La cueillette de notre thé Oolong est faite à la main et est riche en grosses feuilles et bourgeons. Le Oolong semi fermenté de qualité supérieure se rapproche du thé vert avec plus de complexité apportée au debut de la fermentation. Celui-ci donne une tasse claire avec une saveur aromatique fraiche, des notes florales marquées. Pauvre en théine, notre thé peut être bu tout au long de la journée.	China Oolong issu de l'agriculture biologique, non aromatisé, avec feuilles entières. 	"14.90€
7.50€"	"100gr
50gr"	sachet kraft	5,50 %	TO001	"china_oolong_shui_xian_bio_sachet.jpg
china_oolong_shui_xian_bio_vrac.jpg"	1-3 mn	80°C	12-15g/L	
Rooibos nature bio	rooibos	Afrique du sud	"Le Rooibos, appelé ""thé rouge"", est la boisson reine de l'Afrique du Sud et se boit par tout le monde, du plus jeune au plus ancien et à toute heure de la journée. Cette infusion rouge cuivrée au parfum doux et suave ne contient pas de théine et est pauvre en tanins mais riche en nutriments et minéraux."	Rooibos naturel issu de l'agriculture biologique, non aromatisé, classification des feuilles coupe grossière. 	"8.90€
4.50€"	"100gr
50gr"	sachet kraft	5,50 %	R0001	"rooibos_nature_bio_sachet.jpg
rooibos_nature_bio_vrac.jpg"	7-10 mn	100°C	15-20g/L	
Rooibos vert nature bio	rooibos vert	Afrique du sud	Le Rooibos vert est un rooibos non fermenté, contrairement au rooibos rouge au goût légérement citronné. Cette boisson sans caféine est idéale pour tout moment de la journée.	Rooibos vert issu de l'agriculture biologique, non aromatisé, classification des feuilles coupe grossiére.	"11.90€
6.00€"	"100gr
50gr"	sachet kraft	5.50%	R0002		7610mn	100°C	15-20g/L	0
Maté vert bio	maté	Bresil	Le maté est une infusion traditionnelle sud americaine préparée en infusant des feuilles de la plante yorba mate. Cette boisson au parfum puissant est composée de caféine.	Mate vert issu de l'agriculture biologique, non aromatisé, classification des feuilles coupe grossière. 	"12.50€
6.50€"	"100gr
50gr"	sachet kraft	5,50 %	M0001	"mate_vert_bio_sachet.jpg
mate_vert_bio_vrac.jpg"	5-10 mn	100°C	14-17g/L	
Des couleurs dans le noir.														
Chai thé noir bio	thé noir épicé	Inde	Notre thé Chai est composé de thés noir indiens épicés, avec des éclats de gingembre, cannelle, des clous de girofles, de l'anis, ainsi que de la cardamome moulue. Un régal et une explosion en bouche.	Thé noir Assam inde du sud (54%), batons de cannelle, fenouil, gingembre, anis, clous de girofle, cardamome moulue ; tous issus de l'agriculture biologique. Infusion épicée,  classification des feuilles coupe grossière. 	"9.90€
5.50€"	"100gr
50gr"	sachet kraft	5,50 %	IECN1	"chai_the_noir_bio_sachet.jpg
chai_the_noir_bio_vrac.jpg"	7-10 mn	100°C	15-20g/L	
Rouge passion bio	thé noir aromatisé saveur fruits rouges	Inde	Le thé noir rouge passion est la rencontre entre la profondeur corsée du thé noir Assam et la douceur des fruits rouges et de la verveine.	Thé noir Assam, Inde du sud, feuilles de mûre, arome naturel; verveine entière, raisin (raisin huile végétale), baie de sureau, framboise, mûre (2%), fraise, cassis, groseille ; tous issus de l'agriculture biologique. Saveur fruits rouge avec feuilles entières. 	"13.50€
6.80€"	"100gr
50gr"	sachet kraft	5,50 %	TNA02	"rouge_passion_bio_sachet.jpg
rouge_passion_bio_vrac.jpg"	3-5 mn	100°C	15-20g/L	
Délice fruité bio	thé noir aromatisé, mélange saveur pêche, framboise et acerola	Chine	Ce thé Délice Fruité donne un parfum acidulé et délicat de l'acerola et de la framboise sur un fond de douceur donné par la pêche.	Thé vert China, Gunpowder, thé noir Darjeeling second flush, China Oolong arôme naturel, framboise, pêche ; tous issus de l'agriculture biologique. Saveur pêche, framboise, acerola.	"10.90€
5.50€"	"100gr
50gr"	sachet kraft	5,50 %	TNA04	"delice_fruite_bio_sachet.jpg
delice_fruite_bio_vrac.jpg"	3-5 mn	100°C	12-15g/L	
Le comte bleu bio	thé noir aromatisé Earl Grey saveur bergamote	Inde	Ce thé noir parfumé à la bergamote donne une note savoureuse et subtile à votre degustation.	Thé noir Assam Inde du sud, arôme naturel, fleurs de bleuet ; tous issus de l'agriculture biologique. Saveur bergamote. 	"11.50€
5.80€"	"100gr
50gr"	sachet kraft	5,50 %	TNA01	"le_comte_bleu_bio_sachet.JPG
le_comte_bleu_bio_vrac.JPG"	3-5 mn	100°C	12-15g/L	
Plaid canapé bio	thé noir aromatisé saveur pomme cannelle	Inde	Ce thé noir Plaid canapé est un thé noir connu pour son corps et sa saveur maltée. Il est associé à la pomme et à la cannelle et est rehaussé par un bouquet d'épices qui donne une explosion epicée en bouche.	Thé noir Assam Inde du sud, batons de cannelle, pomme, arôme naturel, écorces d'orange, graines de coriandre, poivre rose, clous de girofle, cardamome, baies de goji ; tous issus de l'agriculture biologique. Saveur pomme,cannelle. 	"10.90€
5.50€"	"100gr
50gr"	sachet kraft	5,50 %	TNA06	"plaid_canape_bio_sachet.jpg
plaid_canape_bio_vrac.jpg"	3-5 mn	100°C	12-15g/L	
Soleil exotique bio	thé noir aromatisé saveur mangue citron vert	Inde	Ce thé noir Soleil Exotique est rafraichissant et idéal pour un bon thé glacé. Le côté peps du citron mélangé à la mangue apporte une touche douce et sucrée. Il vous emportera au soleil.	Thé noir Assam Inde du sud, citronnelle, pomme, arôme naturel, gingembre, fleurs de souci, papaye, morceaux de mangue, griotte, ananas ; tous issus de l'agriculture biologique. Saveur mangue, citron vert. 	"10.50€
5.50€"	"100gr
50gr"	sachet kraft	5,50 %	TNA03	"soleil_exotique_bio_sachet.jpg
soleil_exotique_bio_vrac.jpg"	3-5 mn	100°C	12-15g/L	
Cocobricot bio	thé noir aromatisé saveur abricot coco	Inde	Ce thé noir Cocobricot donne de l'éclat et de la fraîcheur à tous vos sens. La beauté du mélange, son parfum unique et son goût exceptionnel vous feront rêver.	Thé noir Assam Inde du sud, coco (8%), arôme naturel, papaye, abricot ; tous issus de l'agriculture biologique. Saveur abricot coco. 	"11.50€
5.95€"	"100gr
50gr"	sachet kraft	5,50 %	TNA05	"cocobricot_bio_sachet.jpg
cocobricot_bio_vrac.jpg"	3-5 mn	100°C	13g/L	
Pain d'épices bio	thé noir aromatisé       saveur pain d'épices	Inde/Chine	Ce thé noir Pain d'Épices, donne une saveur chaude et épicée ; idéal pour vous réchauffer en hiver. C'est une invitation à la gourmandise que vous offre ce thé. Il mêle les notes de cannelle, d'écorces d'orange, de vanille et bien d'autres épices savoureuses, ce qui vous transporte dans les jardins d'hiver.	Thé noir Assam*, -Inde du sud*, datte (datte, farine de riz)*, bâtons de cannelle*, thé vert China Sencha*, écorces d'orange*, arôme naturel, badiane*, clou de girofle*, cardamome*, cardamome moulue*, muscade*, vanille bourbon*. *Issu de l'agriculture biologique.	"10.80€
5.50€"	"100gr
50gr"	sachet kraft	5.50%	TNA07		2-4 mn	100°C	12-15g/L	0
Des vertes et des pas mûres														
Chai thé vert bio	thé vert épicé	Chine	Ce thé vert épicé donnera du pep's à votre journée. La suptilité du thé vert au fini poivré avec des épices chaudes. Tasse puissante et unique qui permet de garder de la délicatesse.	Thé vert de Chine Sencha*(54%), bâtons de cannelle*, anis*, fenouil*, gingembre*, clou de girofle*, cardamome*. *Issu de l'agriculture biologique.	"9.90€
5.50€"	"100gr
50gr"	sachet kraft	5,50 %	IECV1	"chai_the_vert_bio_sachet.jpg
chai_the_vert_bio_vrac.jpg"	2-3 mn	100°C	15-20g/L	
Lavande & co bio	thé vert aromatisé saveur vanille lavande citron	Chine	Ce thé vert Lavande & Co est une rencontre merveilleuse entre la Chine et la Provence. Ajoutez à cela un goût unique de vanille. Quand le thé vert danse avec la vanille, cela nous donne des saveurs délicates et raffinées.	Thé vert China Sencha, citronnelle, écorces de citron, écorces d'orange, arôme naturel : lavande (4%), vanille bourbon ; tous issus de l'agriculture biologique. Saveur lavande citron.	"9.90€
5.20€"	"100gr
50gr"	sachet kraft	5,50 %	TVA01	"lavande_and_co_bio_sachet.jpg
lavande_and_co_bio_vrac.jpg"	2-3 mn	75-80°C	12-15g/L	0
Menthe power bio	thé vert aromatisé saveur menthe poivrée	Chine	Ce thé vert Menthe Power est un mélange de thé vert Gunpowder. Fin en bouche, avec la fraicheur et le goût légérement épicé de la menthe poivrée.	Thé vert China Gunpowder menthe poivree, arôme naturel ; tous issus de l'agriculture biologique. Saveur menthe poivrée. 	5.50€	50gr	sachet kraft	5,50 %	TVA05	"menthe_power_bio_sachet.jpg
menthe_power_bio_vrac.jpg"	2-3 mn	70-80°C	12-15g/L	
Langage de fleurs bio	thé vert aromatisé saveur rose fruitée	Chine	Ce thé vert Langage de Fleurs charme nos papilles avec des notes douces et fleuries. Ce thé gourmand peut aussi bien se boire chaud que glacé grâce à l'élégance et la subtilité de la rose. 	Thé vert China Sencha* (77%), dattes (datte, farine de riz)* (21%), arôme naturel, pétales de rose*, fleurs d'immortelle*. *Issus de l'agriculture biologique. Saveur rose fruitée.	"8.50€
4.50€"	"100gr
50gr"	sachet kraft	5,50 %	TVA04	"langage_de_fleurs_bio_sachet.jpg
langage_de_fleurs_bio_vrac.jpg"	2-3 mn	70-80°C	12-15g/L	
Douceur d'ailleurs bio	Thé vert aromatisé. Saveur mandarine-verveine		Ce thé vert Douceur d'Ailleurs est une séléction de thés renommés. Ajoutez à cela de la mandarine pour la fantaisie et de la verveine pour la douceur ; vous obtenez un doux mélange apaisant pour vos après-midi ou vos soirées.	The vert China Sencha*, the vert China Chun Mee*, the blanc Pai Mu Tan*, arome naturel, the vert Darjeeling OP*, ecorces d'orange*, verveine entiere*, fleurs de souci*. *Issu de l'agriculture biologique.Saveur mandarine-verveine. 	"10.90€
5.50€"	"100gr
50gr"	sachet kraft	5,50 %	TVA02	"douceur_d_ailleurs_bio_sachet.jpg
douceur_d_ailleurs_bio_vrac.jpg"	2-3 mn	70-80°C	12-15g/L	
Aïe aïe aïe bio	Thé vert aromatisé. Saveur fraise-jasmin-piment		Le thé vert Aïe Aïe Aïe est un délicat mélange de thé vert et blanc avec des tranches de fraises. Ce délice gourmand laisse ressortir le goût de la fraise avec une touche de jasmin et piment en fin de bouche. Cela ne pique pas.	Thé vert China Sencha*, thé blanc Pai Mu Tan*, thé vert China Jasmin*, arôme naturel, fraise*, lavande*, chili*, échinacée pourpre*, guarana*. *Issu de l'agriculture biologique.	"10.90€
5.50€"	"100gr
50gr"	sachet kraft	5,50 %	TVA06	"aie_aie_aie_bio_sachet.jpg
aie_aie_aie_bio_vrac.jpg"	2-3 mn	70-80°C	12-15g/L	
Chinagrume bio	Thé vert aromatisé. Saveur goyave-pamplemousse	Chine	Ce thé vert Chinagrume est un surprenant mélange d'agrumes. Ce breuvage d'une fraicheur acidulée peut se boire aussi bien chaud que frais.	Thé vert de Chine Sencha*, écorces de citron*, arôme naturel, mandarine*, lavande*. *Issu de l'agriculture biologique. Quantité/litre: 12-15gr/l. Temps d'infusion: 2-3 min. Température: 70-80°C.	"8.50€
4.50€"	"100gr
50gr"	sachet kraft	5,50 %	TVA03	"chinagrume_bio_sachet.jpg
chinagrume_bio_vrac.jpg"	2-3 mn	70-80°C	12-15g/L	
La magie blanche														
Pep's bio	Thé blanc.              Saveur citron-ananas	Chine	Un coktail de fraicheur et une bouffée d'été s'installent dans votre tasse. Une rencontre douce et inattendue qui se déguste chaude comme froide.	Thé blanc Pai Mu Tan*, thé vert China Chun Mee*, écorces de citron*, arôme naturel, fleurs de souci*, ananas*. *Issu de l'agriculture biologique.	"17.50€
8.80€"	"100gr
50gr"	sachet kraft	5.50%	TBA01		2 mn	60-65°C	12-15g/L	0
Girl Power bio	Thé blanc. Saveur vanille-rose	Chine	On retrouve dans ce mélange trois thés de grande qualité. Ce thé vous suprendra par sa douceur sauvage et paradisiaque. Il dégage des parfums de fleurs soutenus par une note de vanille. Un régal onctueux et délicat qui restera longuement en bouche.	Thé blanc Pai Mu Tan*, thé vert China Chun Mee*, thé blanc Mao Feng*, raisin (raisin, huile végétale)*, arôme naturel, pétales de rose* (2%), bourbon vanille* (1%). *Issu de l'agriculture biologique.	"15.95€
8.00€"	"100gr
50gr"	sachet kraft	5.50%	TBA02		2 mn	60-65°C	12-15g/L	0
Une infusion de very-thé (infusion)														
Près des étoiles bio	Infusion 		Cette tisane légérement parfumée est idéale pour le soir. Sa saveur subtile vous donnera douceur et plaisir à la dégustation.	Tisane pour le soir BIO. Pomme*, citronnelle*, menthe*, hibiscus*, écorces d'orange*, racine de réglisse*. *Issu de l'agriculture biologique.	"7.90€
4.00€"	"100gr
50gr"	sachet kraft	5,50 %	T004	pres_des_etoiles_bio_sachet.jpg	7-10 mn	100°C	12-15g/L	
L'Ooorange bio	Infusion. Saveur orange		Cette boisson fruitée, depourvue de caféine est très désalterante. Elle est idéale pour l'après midi. À la fraicheur de l'infusion, vient s'ajouter une toûche mielleuse grâce au Rooibos. Se déguste tout au long de l'année sur les pistes de ski comme sur les bords de mer.	Infusion, saveur orange. Carotte*, gingembre*, écorces d'orange*, Rooibos naturel*, pomme*, feuilles de mûre*, gingembre (gingembre, sucre de canne brut)*, arôme naturel, menthe poivrée*, verveine entière*, passiflore*, fleurs de bleuet*. *Issu de l'agriculture biologique. 	"9.90€
5.00€"	"100gr
50gr"	sachet kraft	5,50 %	T001	"l'ooorange_bio_sachet.jpg
l'ooorange_bio_vrac.jpg"	10-12 mn	100°C	15-20g/L	
Soleil des tropiques bio	Infusion. Saveur grenade-mangue.		Délicieux mélange de saveurs fruitées évoquant des fruits juteux et gourmands. Le côté mielleux du Rooibos mêlé à la passion de ces fruits. À consommer à toute heure de la journée.	Infusion, saveur grenade-mangue. Pomme*, citronnelle*, Rooibos naturel*, raisin (raisin, huile vegetale)*, cynorrhodon*, arome naturel, fleurs de souci*, grenade* (2%), mangue* (1%), petales de rose*. *Issu de l'agriculture biologique. 	"8.90€
4.50€"	"100gr
50gr"	sachet kraft	5,50 %	IF002	"soleil_des_tropiques_bio_sachet.jpg
soleil_des_tropiques_bio_vrac.jpg"	10-12 mn	100°C	15-20g/L	
L'aromatique bio	Infusion. Saveur romarin-thym-citron.		Cette infusion à la douceur et au parfum de la Provence vous offrira de belles balades gustatives. Des plantes apaisantes avec des qualités digestives ; cette infusion est idéale après les repas.	Infusion, saveur romarin-thym-citron. Citronnelle*, batons de cannelle*, feuilles d'olivier*, verveine entière*, romarin*, thym*, arôme naturel, lavande*, fleurs de tilleul*. *Issu de l'agriculture biologique. 	"9.90€
5.00€"	"100gr
50gr"	sachet kraft	5,50 %	T002	"l_aromatique_bio_sachet.jpg
l_aromatique_bio_vrac.jpg"	10-12 mn	100°C	15-20g/L	
Grand boum bio	Infusion. Saveur citron-orange sanguine		Mélange vivifiant qui ravivera vos papilles. Un petit régal qui viendra rafraichir votre coeur.	Infusion, saveur citron-orange sanguine. Pomme*, raisin (raisin, huile vegetale)*, coing*, citronnelle*, verveine entière*, batons de cannelle*, écorces d'orange*, arôme naturel, morceaux de pomme*, passiflore*, baies de goji*, physalis*, pétales de rose*. *Issu de l'agriculture biologique.	"10.00€
5.20€"	"100gr
50gr"	sachet kraft	5,50 %	IF003	"grand_boum_bio_sachet.jpg
grand_boum_bio_vrac.jpg"	7-10 mn	100°C	15-20g/L	
Mon lutin des bois bio	Infusion. Saveur citron-baies sauvages		Cette infusion qui accueille le citron dans ces sous bois donne une étonnante émotion gustative. Les baies sauvages viennent adoucir l'acidité du citron. Une belle balade sauvage en tasse.	Infusion, saveur citron-baies sauvages. Pomme*, Rooibos vert*, verveine*, arôme naturel, écorces d'orange*, fleurs de souci*, verveine entière*, feuilles de mûre*, framboise*, passiflore*, cassis*. *Issu de l'agriculture biologique. 	"9.90€
5.00€"	"100gr
50gr"	sachet kraft	5,50 %	T003	"mon_lutin_des_bois_bio_sachet.jpg
mon_lutin_des_bois_bio_vrac.jpg"	7-10 mn	100°C	15-20g/L	
T'Crepe bio	Infusion. Saveur fleurs d'oranger		Cette infusion à la fleur, aux innombrables vertus et au parfum envoutant vous rappellera de beaux souvenirs d'enfance. Apaisante, elle est idéale pour le soir.	Infusion, saveur fleurs d'oranger. Pomme*, verveine*, citronnelle*, verveine entière*, écorces d'orange*, batons de cannelle*, arome naturel. *Issu de l'agriculture biologique. 	"10.90€
5.90€"	"100gr
50gr"	sachet kraft	5,50 %	IF001	"t_crepe_bio_sachet.jpg
t_crepe_bio_vrac.jpg"	7-10 mn	100°C	12-15g/L	
La barbarie bio	Infusion. Saveur figue de barbarie-abricot		Ce breuvage est une explosion fruitée. Une infusion gourmande, unique et vivifiante. 	Infusion, saveur figue de babarie-abricot. Pomme*, coing*, cinorrhodon*, figue (figue, farine de riz)* (11%), papaye*, écorces de citron*, arôme naturel, griotte*. *Issu de l'agriculture biologique.	"9.70€
4.90€"	"100gr
50gr"	sachet kraft	5,50 %	IF004	"la_barbarie_bio_sachet.jpg
la_barbarie_bio_vrac.jpg
"	10-12 mn	100°C	15-20g/L	
Carapoum bio	Infusion. Saveur pomme grillé 		Cette infusion délicatement gourmande sans théine à base de généreux morceaux de pomme est idéale pour une pause cocooning.	Infusion, saveur pomme grillée. Pomme*(49%), raisin (raisin, huile végétale)*, datte (datte, farine de riz)*, cynorrhodon*, betterave rouge*, bâtons de cannelle*, arôme naturel, morceaux de pomme* (4%), bourbon vanille*. *Issu de l'agriculture biologique.	"9.50€
5.00€"	"100gr
50gr"	sachet kraft	5.50%	T005		10-12 mn	100°C	15-20g/L	0
Douceur du soir bio	Infusion. Saveur brownie		Cette infusion gourmande est idéale pour les longues soirées d'hiver devant la télévison. Elle satisfera vos papilles tout en délicatesse et vous apportera la douceur sucrée du soir.	Infusion, saveur brownie. Citronnelle*, mélisse*, ortie*, écorces de cacao*, fève de cacao concassée*, basilic*, valériane*, millepertuis*, lavande*, badiane*, passiflore*, arôme naturel, fleurs de houblon*. *Issu de l'agriculture biologique.	"10.00€
5.10€"	"100gr
50gr"	sachet kraft	5.50%	T006		7-10 mn	100°C	12-15g/L	0
Feuilles d'eucalyptus bio	Infusion. Feuilles d'eucalyptus	Portugal	"L'eucalyptus est une espèce originaire d'Australie. Son nom vient du grec eu ""bien"" et kalupsos ""couvert"". Appelée également ""arbre de la fièvre"" ; elle est utilisée pour traiter les affections respiratoires et soulager la fièvre et les états gripaux. Cette plante est également un bon antiseptique et désinfectant pour les voies urinaires. L'infusion d'eucalyptus à une saveur caractéristique ; très fraiche, mentholée et très puissante tout en restant très agréable à boire. 2 à 3 feuilles par tasse suffisent pour l'infusion et pas plus de trois tasses par jour."	Infusion d'eucalyptus, feuilles coupe grossière, issu de l'agriculture biologique.	"7.50€
3.80€"	"100gr
50gr"	sachet kraft	5.50%	HVFE1		5-10 mn	1000°C	13-18g/L	0
Fenouil bio	Infusion et préparation culinaire. Fenouil.		"Cette grande herbe vivace peut atteindre deux mètres sur le pourtour méditerranéen où elle pousse spontanément. Cette herbacée pousse sur des terrains arides. L'infusion de semences de fenouil aide lors de régles douloureuses, facilite la digestion, améliore le confort intestinal (trouble digestif) et a également une action drainante. Ventre plat aprés évacuation des gaz, relâchement des muscles intestinaux et elle libére par les urines, l'eau en rétention dans les tissus dans le bas des jambes et au niveau des paupiéres. Mâcher quelques semences de fenouil permet de se débarraser de la mauvaise haleine. 
Pour la cuisine, le fenouil parfumera délicatement tous les poissons. Vous pouvez moudre les graines de fenouils, sur du poisson, c'est juste exquis."	Infusion de fenouil issu de l'agriculture biologique.	6.20€      3.20€	100gr        50gr	sachet kraft	5.50%	HVF01		10-15 mn	100°C	13-18g/L	0
Tilleul bio	Infusion.Tilleul bio		"Le tilleul est un arbre sauvage majestueux qui vit plusieurs siècles et qui nous invite à une vie paisible. Ces fleurs et feuilles de tilleul peuvent être bénéfiques pour les troubles digestifs, les états grippaux et les troubles nerveux. C'est une plante calmante et appaisante ; c'est pourquoi elle favorise le sommeil et l'endormissement. 
Pour la cuisine, vous pouvez légérement soupoudrer vos salades qu'elles ne manqueront pas de parfumer."	Infusion de tilleul, feuilles et fleurs coupe grossiére, issu de l'agriculture biologique.	18.40€    9.30€	100gr      50gr	sachet kraft	5.50%	HVT01		5-10 mn	100°C	12-15g/L	0
Feuilles de Verveine bio	Infusion. Feuilles de Verveine bio		"La verveine, surnommée ""herbe sacrée"", est tranquillisante ; elle réconforte dans les moments difficiles. Elle est utilisée pour ses vertus calmantes, apaisantes et anti-inflammatoires. Elle aide également à la digestion. Boire une tasse aprés les deux gros repas de la journée favorise la digestion. Elle peut être utilisée pour des bains relaxants."	Infusion de Feuilles de verveine, feuilles entiéres, issu de l'agriculture biologique.	  10.50€	    50gr	sachet kraft	5.50%	HVFV1		7-10 mn	100°C	12-15g/L	0
Camomille bio	Infusion. Camomille bio.		Une infusion de camomille aide à combattre l'irritation, le stress et l'insomnie. Elle est donc très apaisante mais pas uniquement. La camomille combat les bactéries responsables des troubles digestifs, tout en respectant la flore intestinale. C'est pourquoi il est conseillé de boire une infusion aprés les repas afin d'apaiser les intestints et la digestion (pour les personnes ayant une mauvaise digestion, des aigreurs d'estomac, spames digestifs, gastro ou diarrhé).  La camomille peut également aider lors de maux de dents, de gorge ainsi que pour les douleurs de régles.	Infusion de camomille, coupe grossiére, issu de l'agriculture biologique.	15.00€    7.90€	100gr      50gr	sachet kraft	5.50%	HVC01		5-10 mn	100°C	13-18g/L	0
